,instance_id,courier_id,vehicle,on_lat,on_lng,on_time,off_time
0,1,1,motorcycle,29.0302,41.06892,09:00:00,17:00:00
1,1,2,motorcycle,28.992764,41.050915,09:00:20,17:00:20
2,1,3,motorcycle,28.99303,41.06268,09:00:40,17:00:40
3,1,4,motorcycle,28.98782,41.03558,09:01:00,17:01:00
4,1,5,motorcycle,28.98701684,41.03386615,09:01:20,17:01:20
5,1,6,motorcycle,29.0044410477463,41.0428326880938,09:01:40,17:01:40
6,1,7,motorcycle,28.98441,41.03867,09:02:00,17:02:00
7,1,8,motorcycle,28.991,41.052,09:02:20,17:02:20
8,1,9,motorcycle,28.9838,41.05278,09:02:40,17:02:40
9,1,10,motorcycle,28.95919,41.05081,09:03:00,17:03:00
10,1,11,motorcycle,28.98753,41.0632,09:03:20,17:03:20
11,1,12,motorcycle,28.98606,41.05874,09:03:40,17:03:40
12,1,13,motorcycle,28.9594881418281,41.0442055318848,09:04:00,17:04:00
13,1,14,motorcycle,28.9810914745911,41.0573430650896,09:04:20,17:04:20
14,1,15,motorcycle,28.94496,41.04569,09:04:40,17:04:40
15,1,16,motorcycle,28.99492,41.06557,09:05:00,17:05:00
16,1,17,motorcycle,28.9842238562363,41.0522092190874,09:05:20,17:05:20
17,1,18,motorcycle,28.9946196921043,41.0615063394887,09:05:40,17:05:40
18,1,19,motorcycle,28.991,41.052,09:06:00,17:06:00
19,1,20,motorcycle,28.9819453549435,41.0544530835908,09:06:20,17:06:20
20,1,21,motorcycle,28.9658359918529,41.0643623684083,09:06:40,17:06:40
21,1,22,motorcycle,29.0344342342131,41.0872117152932,09:07:00,17:07:00
22,1,23,motorcycle,29.04608,41.08642,09:07:20,17:07:20
23,1,24,motorcycle,28.9983130939178,41.0634842156465,09:07:40,17:07:40
24,1,25,motorcycle,28.9714,41.06452,09:08:00,17:08:00
25,1,26,motorcycle,29.02729,41.0831,09:08:20,17:08:20
26,1,27,motorcycle,28.9870861172676,41.0513299223488,09:08:40,17:08:40
27,1,28,motorcycle,28.9626853548783,41.0528296504127,09:09:00,17:09:00
28,1,29,motorcycle,28.9658359918529,41.0643623684083,09:09:20,17:09:20
29,1,30,motorcycle,28.9714,41.06452,09:09:40,17:09:40
30,1,31,motorcycle,28.95002,41.04252,09:10:00,17:10:00
31,1,32,motorcycle,29.0269,41.0769,09:10:20,17:10:20
32,1,33,motorcycle,28.94496,41.04569,09:10:40,17:10:40
33,1,34,motorcycle,28.9714,41.06452,09:11:00,17:11:00
34,1,35,motorcycle,28.95919,41.05081,09:11:20,17:11:20
35,1,36,motorcycle,28.98701684,41.03386615,09:11:40,17:11:40
36,1,37,motorcycle,28.97775,41.06433,09:12:00,17:12:00
37,1,38,motorcycle,28.9946196921043,41.0615063394887,09:12:20,17:12:20
38,1,39,motorcycle,29.0247845649719,41.0512576103706,09:12:40,17:12:40
39,1,40,motorcycle,29.0081131805464,41.0429138357981,09:13:00,17:13:00
40,1,41,motorcycle,28.9626853548783,41.0528296504127,09:13:20,17:13:20
41,1,42,motorcycle,28.9551949380245,41.0564289328714,09:13:40,17:13:40
42,1,43,motorcycle,28.9714,41.06452,09:14:00,17:14:00
43,1,44,motorcycle,29.0044410477463,41.0428326880938,09:14:20,17:14:20
44,1,45,motorcycle,28.9838,41.05278,09:14:40,17:14:40
45,1,46,motorcycle,28.96676,41.04544,09:15:00,17:15:00
46,1,47,motorcycle,29.0269,41.0769,09:15:20,17:15:20
47,1,48,motorcycle,28.9949488631773,41.0579194372954,09:15:40,17:15:40
48,1,49,motorcycle,29.0011563659977,41.0617124277603,09:16:00,17:16:00
49,1,50,motorcycle,29.0035758482889,41.0564271638089,09:16:20,17:16:20
50,1,51,motorcycle,28.991,41.052,09:16:40,17:16:40
51,1,52,motorcycle,28.9658359918529,41.0643623684083,09:17:00,17:17:00
52,1,53,motorcycle,28.9801,41.0349,09:17:20,17:17:20
53,1,54,motorcycle,28.94496,41.04569,09:17:40,17:17:40
54,1,55,motorcycle,28.991,41.052,09:18:00,17:18:00
55,1,56,motorcycle,28.9819453549435,41.0544530835908,09:18:20,17:18:20
56,1,57,motorcycle,28.98674,41.05142,09:18:40,17:18:40
57,1,58,motorcycle,28.9859625677715,41.0517793814635,09:19:00,17:19:00
58,1,59,motorcycle,29.0268,41.0767,09:19:20,17:19:20
59,1,60,motorcycle,28.9594881418281,41.0442055318848,09:19:40,17:19:40
60,1,61,motorcycle,28.9810914745911,41.0573430650896,09:20:00,17:20:00
61,1,62,motorcycle,28.99589,41.06176,09:20:20,17:20:20
62,1,63,motorcycle,28.9838,41.05278,09:20:40,17:20:40
63,1,64,motorcycle,29.0464403395621,41.0854568883907,09:21:00,17:21:00
64,1,65,motorcycle,28.97184,41.06472,09:21:20,17:21:20
65,1,66,motorcycle,29.0011563659977,41.0617124277603,09:21:40,17:21:40
66,1,67,motorcycle,29.0011563659977,41.0617124277603,09:22:00,17:22:00
67,1,68,motorcycle,28.98510224923,41.0521525681394,09:22:20,17:22:20
68,1,69,motorcycle,28.9795040757971,41.0465010803637,09:22:40,17:22:40
69,1,70,motorcycle,29.00174,41.04802,09:23:00,17:23:00
70,1,71,motorcycle,29.0258412694844,41.0864121350417,09:23:20,17:23:20
71,1,72,motorcycle,28.9870861172676,41.0513299223488,09:23:40,17:23:40
72,1,73,motorcycle,28.94496,41.04569,09:24:00,17:24:00
73,1,74,motorcycle,28.9658359918529,41.0643623684083,09:24:20,17:24:20
74,1,75,motorcycle,29.00873,41.08545,09:24:40,17:24:40
75,1,76,motorcycle,28.98757,41.06011,09:25:00,17:25:00
76,1,77,motorcycle,28.94496,41.04569,09:25:20,17:25:20
77,1,78,motorcycle,28.9983130939178,41.0634842156465,09:25:40,17:25:40
78,1,79,motorcycle,28.99803,41.04767,09:26:00,17:26:00
79,1,80,motorcycle,28.97775,41.06433,09:26:20,17:26:20
80,1,81,motorcycle,28.98704,41.03393,09:26:40,17:26:40
81,1,82,motorcycle,29.0011563659977,41.0617124277603,09:27:00,17:27:00
82,1,83,motorcycle,29.0074789524078,41.0659388513334,09:27:20,17:27:20
83,1,84,motorcycle,28.9947717010283,41.0585858666193,09:27:40,17:27:40
84,1,85,motorcycle,29.00634,41.04325,09:28:00,17:28:00
85,1,86,motorcycle,28.9870861172676,41.0513299223488,09:28:20,17:28:20
86,1,87,motorcycle,28.989279207518,41.0620624324213,09:28:40,17:28:40
87,1,88,motorcycle,29.01722,41.06694,09:29:00,17:29:00
88,1,89,motorcycle,28.98674,41.05142,09:29:20,17:29:20
89,1,90,motorcycle,28.9911,41.052,09:29:40,17:29:40
90,1,91,motorcycle,28.96443,41.0647,09:30:00,17:30:00
91,1,92,motorcycle,29.0029,41.0662,09:30:20,17:30:20
92,1,93,motorcycle,28.9870861172676,41.0513299223488,09:30:40,17:30:40
93,1,94,motorcycle,28.9658359918529,41.0643623684083,09:31:00,17:31:00
94,1,95,motorcycle,28.9983130939178,41.0634842156465,09:31:20,17:31:20
95,1,96,motorcycle,28.99303,41.06268,09:31:40,17:31:40
96,1,97,motorcycle,28.9594881418281,41.0442055318848,09:32:00,17:32:00
97,1,98,motorcycle,28.9714,41.06452,09:32:20,17:32:20
98,1,99,motorcycle,28.96895,41.03256,09:32:40,17:32:40
99,1,100,motorcycle,28.9626853548783,41.0528296504127,09:33:00,17:33:00
100,1,101,motorcycle,28.98753,41.0632,09:33:20,17:33:20
101,1,102,motorcycle,28.99375,41.05276,09:33:40,17:33:40
102,1,103,motorcycle,28.977361,41.035844,09:34:00,17:34:00
103,1,104,motorcycle,28.95842,41.04666,09:34:20,17:34:20
104,1,105,motorcycle,28.9859,41.05216,09:34:40,17:34:40
105,1,106,motorcycle,28.9842238562363,41.0522092190874,09:35:00,17:35:00
106,1,107,motorcycle,28.9714,41.06452,09:35:20,17:35:20
107,1,108,motorcycle,28.9591740552122,41.0437477203291,09:35:40,17:35:40
108,1,109,motorcycle,28.987,41.0652,09:36:00,17:36:00
109,1,110,motorcycle,28.991,41.052,09:36:20,17:36:20
110,1,111,motorcycle,28.94496,41.04569,09:36:40,17:36:40
111,1,112,motorcycle,28.9946196921043,41.0615063394887,09:37:00,17:37:00
112,1,113,motorcycle,28.9924027812623,41.0519370530071,09:37:20,17:37:20
113,1,114,motorcycle,28.96895,41.03256,09:37:40,17:37:40
114,1,115,motorcycle,28.9965813157417,41.0641344703029,09:38:00,17:38:00
115,1,116,motorcycle,28.98783,41.06067,09:38:20,17:38:20
116,1,117,motorcycle,28.98723,41.06477,09:38:40,17:38:40
117,1,118,motorcycle,28.9819453549435,41.0544530835908,09:39:00,17:39:00
118,1,119,motorcycle,28.987,41.0652,09:39:20,17:39:20
119,1,120,motorcycle,28.9723,41.0653,09:39:40,17:39:40
120,1,121,motorcycle,28.99303,41.06268,09:40:00,17:40:00
121,1,122,motorcycle,28.94991,41.04867,09:40:20,17:40:20
122,1,123,motorcycle,28.9591740552122,41.0437477203291,09:40:40,17:40:40
123,1,124,motorcycle,29.0011563659977,41.0617124277603,09:41:00,17:41:00
124,1,125,motorcycle,28.9663154353229,41.0641727428754,09:41:20,17:41:20
125,1,126,motorcycle,28.98444,41.03227,09:41:40,17:41:40
126,1,127,motorcycle,28.9586435567816,41.0464850720645,09:42:00,17:42:00
127,1,128,motorcycle,28.9626853548783,41.0528296504127,09:42:20,17:42:20
128,1,129,motorcycle,29.0464403395621,41.0854568883907,09:42:40,17:42:40
129,1,130,motorcycle,29.01472,41.07661,09:43:00,17:43:00
130,1,131,motorcycle,28.9811913189341,41.0489007696336,09:43:20,17:43:20
131,1,132,motorcycle,28.9916745081322,41.0524457998871,09:43:40,17:43:40
132,1,133,motorcycle,28.94496,41.04569,09:44:00,17:44:00
133,1,134,motorcycle,28.98753,41.0632,09:44:20,17:44:20
134,1,135,motorcycle,28.9925873279572,41.0528231722159,09:44:40,17:44:40
135,1,136,motorcycle,29.00235,41.04683,09:45:00,17:45:00
136,1,137,motorcycle,28.98782,41.03558,09:45:20,17:45:20
137,1,138,motorcycle,28.9810914745911,41.0573430650896,09:45:40,17:45:40
138,1,139,motorcycle,28.9872496099606,41.061182923486,09:46:00,17:46:00
139,1,140,motorcycle,28.9983130939178,41.0634842156465,09:46:20,17:46:20
140,1,141,motorcycle,28.9658359918529,41.0643623684083,09:46:40,17:46:40
141,1,142,motorcycle,28.9551949380245,41.0564289328714,09:47:00,17:47:00
142,1,143,motorcycle,29.0044292807579,41.0439946556745,09:47:20,17:47:20
143,1,144,motorcycle,28.9773872494698,41.0642987761049,09:47:40,17:47:40
144,1,145,motorcycle,29.0074789524078,41.0659388513334,09:48:00,17:48:00
145,1,146,motorcycle,28.9870861172676,41.0513299223488,09:48:20,17:48:20
146,1,147,motorcycle,28.9587563011581,41.0490224453712,09:48:40,17:48:40
147,1,148,motorcycle,29.00235,41.04683,09:49:00,17:49:00
148,1,149,motorcycle,28.9714,41.06452,09:49:20,17:49:20
149,1,150,motorcycle,29.0255686276779,41.0496492953939,09:49:40,17:49:40
150,1,151,motorcycle,28.9983130939178,41.0634842156465,09:50:00,17:50:00
151,1,152,motorcycle,28.9916745081322,41.0524457998871,09:50:20,17:50:20
152,1,153,motorcycle,29.0269,41.0769,09:50:40,17:50:40
153,1,154,motorcycle,29.0265239775181,41.0867208843759,09:51:00,17:51:00
154,1,155,motorcycle,29.0464403395621,41.0854568883907,09:51:20,17:51:20
155,1,156,motorcycle,28.9714,41.06452,09:51:40,17:51:40
156,1,157,motorcycle,28.9671128777584,41.0316145664983,09:52:00,17:52:00
157,1,158,motorcycle,28.9859625677715,41.0517793814635,09:52:20,17:52:20
158,1,159,motorcycle,28.987,41.0652,09:52:40,17:52:40
159,1,160,motorcycle,28.9911,41.052,09:53:00,17:53:00
160,1,161,motorcycle,28.97775,41.06433,09:53:20,17:53:20
161,1,162,motorcycle,29.00071,41.04269,09:53:40,17:53:40
162,1,163,motorcycle,28.987,41.0652,09:54:00,17:54:00
163,1,164,motorcycle,28.9723,41.0653,09:54:20,17:54:20
164,1,165,motorcycle,28.9946196921043,41.0615063394887,09:54:40,17:54:40
165,1,166,motorcycle,28.9801752207279,41.0347773631183,09:55:00,17:55:00
166,1,167,motorcycle,28.98567,41.03651,09:55:20,17:55:20
167,1,168,motorcycle,29.0045098838149,41.0426119899329,09:55:40,17:55:40
168,1,169,motorcycle,28.995394924587,41.0491129878554,09:56:00,17:56:00
169,1,170,motorcycle,29.0023908019066,41.0465910441761,09:56:20,17:56:20
170,1,171,motorcycle,28.95919,41.05081,09:56:40,17:56:40
171,1,172,motorcycle,28.9802,41.0348,09:57:00,17:57:00
172,1,173,motorcycle,28.9946196921043,41.0615063394887,09:57:20,17:57:20
173,1,174,motorcycle,28.9714,41.06452,09:57:40,17:57:40
174,1,175,motorcycle,28.9801,41.0349,09:58:00,17:58:00
175,1,176,motorcycle,29.04697,41.08583,09:58:20,17:58:20
176,1,177,motorcycle,28.9946196921043,41.0615063394887,09:58:40,17:58:40
177,1,178,motorcycle,28.98283,41.03468,09:59:00,17:59:00
178,1,179,motorcycle,28.9710700325776,41.0664392933155,09:59:20,17:59:20
179,1,180,motorcycle,28.98757,41.06011,09:59:40,17:59:40
180,1,181,motorcycle,29.01472,41.07661,10:00:00,18:00:00
181,1,182,motorcycle,28.95002,41.04252,10:00:20,18:00:20
182,1,183,motorcycle,28.989279207518,41.0620624324213,10:00:40,18:00:40
183,1,184,motorcycle,28.9842238562363,41.0522092190874,10:01:00,18:01:00
184,1,185,motorcycle,28.98823,41.05081,10:01:20,18:01:20
185,1,186,motorcycle,29.0044410477463,41.0428326880938,10:01:40,18:01:40
186,1,187,motorcycle,28.9672891072726,41.0339889624326,10:02:00,18:02:00
187,1,188,motorcycle,28.98394,41.05093,10:02:20,18:02:20
188,1,189,motorcycle,28.98088,41.0557,10:02:40,18:02:40
189,1,190,motorcycle,28.9551949380245,41.0564289328714,10:03:00,18:03:00
190,1,191,motorcycle,29.00634,41.04325,10:03:20,18:03:20
191,1,192,motorcycle,29.00235,41.04683,10:03:40,18:03:40
192,1,193,motorcycle,28.9770055638237,41.0630994524872,10:04:00,18:04:00
193,1,194,motorcycle,29.0074789524078,41.0659388513334,10:04:20,18:04:20
194,1,195,motorcycle,28.9796463445251,41.0470766702283,10:04:40,18:04:40
195,1,196,motorcycle,29.0011563659977,41.0617124277603,10:05:00,18:05:00
196,1,197,motorcycle,28.9626853548783,41.0528296504127,10:05:20,18:05:20
197,1,198,motorcycle,28.96895,41.03256,10:05:40,18:05:40
198,1,199,motorcycle,29.003,41.0664,10:06:00,18:06:00
199,1,200,motorcycle,28.9870861172676,41.0513299223488,10:06:20,18:06:20
200,1,201,motorcycle,28.9594881418281,41.0442055318848,10:06:40,18:06:40
201,1,202,motorcycle,28.95002,41.04252,10:07:00,18:07:00
202,1,203,motorcycle,28.95002,41.04252,10:07:20,18:07:20
203,1,204,motorcycle,28.97184,41.06472,10:07:40,18:07:40
204,1,205,motorcycle,28.94496,41.04569,10:08:00,18:08:00
205,1,206,motorcycle,29.01472,41.07661,10:08:20,18:08:20
206,1,207,motorcycle,28.98823,41.05081,10:08:40,18:08:40
207,1,208,motorcycle,29.003,41.0664,10:09:00,18:09:00
208,1,209,motorcycle,28.97184,41.06472,10:09:20,18:09:20
209,1,210,motorcycle,28.96676,41.04544,10:09:40,18:09:40
210,1,211,motorcycle,28.982,41.03219,10:10:00,18:10:00
211,1,212,motorcycle,29.00232,41.06502,10:10:20,18:10:20
212,1,213,motorcycle,29.0041048390049,41.0429137803964,10:10:40,18:10:40
213,1,214,motorcycle,28.98396472,41.03267555,10:11:00,18:11:00
214,1,215,motorcycle,28.94496,41.04569,10:11:20,18:11:20
215,1,216,motorcycle,29.00747,41.04812,10:11:40,18:11:40
216,1,217,motorcycle,28.97775,41.06433,10:12:00,18:12:00
217,1,218,motorcycle,28.9672891072726,41.0339889624326,10:12:20,18:12:20
218,1,219,motorcycle,28.96895,41.03256,10:12:40,18:12:40
219,1,220,motorcycle,28.98271,41.04934,10:13:00,18:13:00
220,1,221,motorcycle,28.9714,41.06452,10:13:20,18:13:20
221,1,222,motorcycle,28.9946196921043,41.0615063394887,10:13:40,18:13:40
222,1,223,motorcycle,28.9859625677715,41.0517793814635,10:14:00,18:14:00
223,1,224,motorcycle,29.00378,41.04407,10:14:20,18:14:20
224,1,225,motorcycle,28.9551949380245,41.0564289328714,10:14:40,18:14:40
225,1,226,motorcycle,28.99492,41.06557,10:15:00,18:15:00
226,1,227,motorcycle,29.0302,41.06892,10:15:20,18:15:20
227,1,228,motorcycle,28.98723,41.06477,10:15:40,18:15:40
228,1,229,motorcycle,28.99278,41.05123,10:16:00,18:16:00
229,1,230,motorcycle,28.9587563011581,41.0490224453712,10:16:20,18:16:20
230,1,231,motorcycle,28.9946196921043,41.0615063394887,10:16:40,18:16:40
231,1,232,motorcycle,28.9851696789265,41.0567738252818,10:17:00,18:17:00
232,1,233,motorcycle,28.9946196921043,41.0615063394887,10:17:20,18:17:20
233,1,234,motorcycle,28.9811913189341,41.0489007696336,10:17:40,18:17:40
234,1,235,motorcycle,28.99298,41.06232,10:18:00,18:18:00
235,1,236,motorcycle,28.9870861172676,41.0513299223488,10:18:20,18:18:20
236,1,237,motorcycle,29.0029,41.0662,10:18:40,18:18:40
237,1,238,motorcycle,28.97775,41.06433,10:19:00,18:19:00
238,1,239,motorcycle,28.9663154353229,41.0641727428754,10:19:20,18:19:20
239,1,240,motorcycle,28.98163,41.05199,10:19:40,18:19:40
240,1,241,motorcycle,29.00063,41.04437,10:20:00,18:20:00
241,1,242,motorcycle,28.9983130939178,41.0634842156465,10:20:20,18:20:20
242,1,243,motorcycle,28.9658359918529,41.0643623684083,10:20:40,18:20:40
243,1,244,motorcycle,28.987,41.0652,10:21:00,18:21:00
244,1,245,motorcycle,28.98271,41.04934,10:21:20,18:21:20
245,1,246,motorcycle,28.9838,41.05278,10:21:40,18:21:40
246,1,247,motorcycle,28.98753,41.0632,10:22:00,18:22:00
247,1,248,motorcycle,28.94496,41.04569,10:22:20,18:22:20
248,1,249,motorcycle,28.9822,41.05731,10:22:40,18:22:40
249,1,250,motorcycle,28.97775,41.06433,10:23:00,18:23:00
250,1,251,motorcycle,28.9911,41.0521,10:23:20,18:23:20
251,1,252,motorcycle,28.98735,41.05108,10:23:40,18:23:40
252,1,253,motorcycle,28.9811913189341,41.0489007696336,10:24:00,18:24:00
253,1,254,motorcycle,28.9723,41.0653,10:24:20,18:24:20
254,1,255,motorcycle,28.9672891072726,41.0339889624326,10:24:40,18:24:40
255,1,256,motorcycle,28.9594881418281,41.0442055318848,10:25:00,18:25:00
256,1,257,motorcycle,28.9965813157417,41.0641344703029,10:25:20,18:25:20
257,1,258,motorcycle,28.99246,41.04985,10:25:40,18:25:40
258,1,259,motorcycle,28.98869,41.05095,10:26:00,18:26:00
259,1,260,motorcycle,29.0069,41.0441,10:26:20,18:26:20
260,1,261,motorcycle,28.9591740552122,41.0437477203291,10:26:40,18:26:40
261,1,262,motorcycle,28.97984,41.0258,10:27:00,18:27:00
262,1,263,motorcycle,28.98019,41.03412,10:27:20,18:27:20
263,1,264,motorcycle,28.9983111619949,41.0632269415865,10:27:40,18:27:40
264,1,265,motorcycle,29.0011563659977,41.0617124277603,10:28:00,18:28:00
265,1,266,motorcycle,28.96895,41.03256,10:28:20,18:28:20
266,1,267,motorcycle,29.00174,41.04802,10:28:40,18:28:40
267,1,268,motorcycle,29.0011563659977,41.0617124277603,10:29:00,18:29:00
268,1,269,motorcycle,28.9819453549435,41.0544530835908,10:29:20,18:29:20
269,1,270,motorcycle,28.95888,41.04382,10:29:40,18:29:40
270,1,271,motorcycle,28.9870861172676,41.0513299223488,09:30:00,17:30:00
271,1,272,motorcycle,28.96676,41.04544,09:31:00,17:31:00
272,1,273,motorcycle,29.0011563659977,41.0617124277603,09:32:00,17:32:00
273,1,274,motorcycle,29.01976,41.07565,09:33:00,17:33:00
274,1,275,motorcycle,28.9842238562363,41.0522092190874,09:34:00,17:34:00
275,1,276,motorcycle,28.95839,41.0461,09:35:00,17:35:00
276,1,277,motorcycle,28.94496,41.04569,09:36:00,17:36:00
277,1,278,motorcycle,29.007064939939,41.0505007436007,09:37:00,17:37:00
278,1,279,motorcycle,28.9671128777584,41.0316145664983,09:38:00,17:38:00
279,1,280,motorcycle,28.9983130939178,41.0634842156465,09:39:00,17:39:00
280,1,281,motorcycle,28.9810914745911,41.0573430650896,09:40:00,17:40:00
281,1,282,motorcycle,28.98735,41.05108,09:41:00,17:41:00
282,1,283,motorcycle,28.97584,41.05701,09:42:00,17:42:00
283,1,284,motorcycle,28.99486,41.04935,09:43:00,17:43:00
284,1,285,motorcycle,28.9911,41.0521,09:44:00,17:44:00
285,1,286,motorcycle,28.9658359918529,41.0643623684083,09:45:00,17:45:00
286,1,287,motorcycle,28.9551949380245,41.0564289328714,09:46:00,17:46:00
287,1,288,motorcycle,28.9626853548783,41.0528296504127,09:47:00,17:47:00
288,1,289,motorcycle,28.99278,41.05123,09:48:00,17:48:00
289,1,290,motorcycle,28.97184,41.06472,09:49:00,17:49:00
290,1,291,motorcycle,28.9870861172676,41.0513299223488,09:50:00,17:50:00
291,1,292,motorcycle,28.94496,41.04569,09:51:00,17:51:00
292,1,293,motorcycle,28.9842238562363,41.0522092190874,09:52:00,17:52:00
293,1,294,motorcycle,28.95004,41.04871,09:53:00,17:53:00
294,1,295,motorcycle,28.9594881418281,41.0442055318848,09:54:00,17:54:00
295,1,296,motorcycle,28.9819453549435,41.0544530835908,09:55:00,17:55:00
296,1,297,motorcycle,28.9842238562363,41.0522092190874,09:56:00,17:56:00
297,1,298,motorcycle,28.96443,41.0647,09:57:00,17:57:00
298,1,299,motorcycle,29.01472,41.07661,09:58:00,17:58:00
299,1,300,motorcycle,28.9626853548783,41.0528296504127,09:59:00,17:59:00
300,1,301,motorcycle,29.0074789524078,41.0659388513334,10:00:00,18:00:00
301,1,302,motorcycle,28.9811913189341,41.0489007696336,10:01:00,18:01:00
302,1,303,motorcycle,28.98757,41.06011,10:02:00,18:02:00
303,1,304,motorcycle,28.9983130939178,41.0634842156465,10:03:00,18:03:00
304,1,305,motorcycle,29.01472,41.07661,10:04:00,18:04:00
305,1,306,motorcycle,28.98721,41.06587,10:05:00,18:05:00
306,1,307,motorcycle,28.9714,41.06452,10:06:00,18:06:00
307,1,308,motorcycle,28.95842,41.04666,10:07:00,18:07:00
308,1,309,motorcycle,28.989279207518,41.0620624324213,10:08:00,18:08:00
309,1,310,motorcycle,28.98757,41.06011,10:09:00,18:09:00
310,1,311,motorcycle,28.94496,41.04569,10:10:00,18:10:00
311,1,312,motorcycle,28.9838,41.05278,10:11:00,18:11:00
312,1,313,motorcycle,29.0161,41.0665,10:12:00,18:12:00
313,1,314,motorcycle,28.9801,41.0349,10:13:00,18:13:00
314,1,315,motorcycle,28.9947717010283,41.0585858666193,10:14:00,18:14:00
315,1,316,motorcycle,28.9842238562363,41.0522092190874,10:15:00,18:15:00
316,1,317,motorcycle,29.0464403395621,41.0854568883907,10:16:00,18:16:00
317,1,318,motorcycle,28.9838,41.05278,10:17:00,18:17:00
318,1,319,motorcycle,28.9946196921043,41.0615063394887,10:18:00,18:18:00
319,1,320,motorcycle,29.0258412694844,41.0864121350417,10:19:00,18:19:00
320,1,321,motorcycle,28.96895,41.03256,10:20:00,18:20:00
321,1,322,motorcycle,28.9587563011581,41.0490224453712,10:21:00,18:21:00
322,1,323,motorcycle,28.99486,41.04935,10:22:00,18:22:00
323,1,324,motorcycle,28.989279207518,41.0620624324213,10:23:00,18:23:00
324,1,325,motorcycle,29.0161,41.0665,10:24:00,18:24:00
325,1,326,motorcycle,28.991,41.052,10:25:00,18:25:00
326,1,327,motorcycle,28.9671128777584,41.0316145664983,10:26:00,18:26:00
327,1,328,motorcycle,28.9658359918529,41.0643623684083,10:27:00,18:27:00
328,1,329,motorcycle,28.9842,41.06219,10:28:00,18:28:00
329,1,330,motorcycle,28.98783,41.06067,10:29:00,18:29:00
330,1,331,motorcycle,28.9586435567816,41.0464850720645,10:30:00,18:30:00
331,1,332,motorcycle,29.00585,41.04274,10:31:00,18:31:00
332,1,333,motorcycle,28.987,41.0652,10:32:00,18:32:00
333,1,334,motorcycle,29.0011563659977,41.0617124277603,10:33:00,18:33:00
334,1,335,motorcycle,28.98735,41.05108,10:34:00,18:34:00
335,1,336,motorcycle,29.0302,41.06892,10:35:00,18:35:00
336,1,337,motorcycle,28.9983130939178,41.0634842156465,10:36:00,18:36:00
337,1,338,motorcycle,28.9946196921043,41.0615063394887,10:37:00,18:37:00
338,1,339,motorcycle,28.9842238562363,41.0522092190874,10:38:00,18:38:00
339,1,340,motorcycle,29.0162,41.0666,10:39:00,18:39:00
340,1,341,motorcycle,29.0044410477463,41.0428326880938,10:40:00,18:40:00
341,1,342,motorcycle,28.991,41.052,10:41:00,18:41:00
342,1,343,motorcycle,28.9983130939178,41.0634842156465,10:42:00,18:42:00
343,1,344,motorcycle,28.9819453549435,41.0544530835908,10:43:00,18:43:00
344,1,345,motorcycle,28.98723,41.06477,10:44:00,18:44:00
345,1,346,motorcycle,28.9838,41.05278,10:45:00,18:45:00
346,1,347,motorcycle,28.95004,41.04871,10:46:00,18:46:00
347,1,348,motorcycle,28.989279207518,41.0620624324213,10:47:00,18:47:00
348,1,349,motorcycle,28.9819453549435,41.0544530835908,10:48:00,18:48:00
349,1,350,motorcycle,29.0064919261942,41.0571650457795,10:49:00,18:49:00
350,1,351,motorcycle,28.992764,41.050915,10:50:00,18:50:00
351,1,352,motorcycle,28.9819453549435,41.0544530835908,10:51:00,18:51:00
352,1,353,motorcycle,28.97933,41.05297,10:52:00,18:52:00
353,1,354,motorcycle,28.9946196921043,41.0615063394887,10:53:00,18:53:00
354,1,355,motorcycle,28.9663154353229,41.0641727428754,10:54:00,18:54:00
355,1,356,motorcycle,28.9842238562363,41.0522092190874,10:55:00,18:55:00
356,1,357,motorcycle,28.9997,41.0542,10:56:00,18:56:00
357,1,358,motorcycle,28.9714,41.06452,10:57:00,18:57:00
358,1,359,motorcycle,29.0258412694844,41.0864121350417,10:58:00,18:58:00
359,1,360,motorcycle,28.98723,41.06477,10:59:00,18:59:00
360,1,361,motorcycle,28.98163,41.05199,11:00:00,19:00:00
361,1,362,motorcycle,28.9671128777584,41.0316145664983,11:01:00,19:01:00
362,1,363,motorcycle,29.0044292807579,41.0439946556745,11:02:00,19:02:00
363,1,364,motorcycle,28.99202,41.05264,11:03:00,19:03:00
364,1,365,motorcycle,29.0011563659977,41.0617124277603,11:04:00,19:04:00
365,1,366,motorcycle,28.94496,41.04569,11:05:00,19:05:00
366,1,367,motorcycle,28.9591740552122,41.0437477203291,11:06:00,19:06:00
367,1,368,motorcycle,28.9846262587393,41.0350110657119,11:07:00,19:07:00
368,1,369,motorcycle,28.9838,41.05278,11:08:00,19:08:00
369,1,370,motorcycle,28.9658359918529,41.0643623684083,11:09:00,19:09:00
370,1,371,motorcycle,28.98283,41.03468,11:10:00,19:10:00
371,1,372,motorcycle,29.0042517766447,41.042755248588,11:11:00,19:11:00
372,1,373,motorcycle,28.978617940339,41.0444484354756,11:12:00,19:12:00
373,1,374,motorcycle,28.96714,41.06481,11:13:00,19:13:00
374,1,375,motorcycle,28.9946196921043,41.0615063394887,11:14:00,19:14:00
375,1,376,motorcycle,29.03298,41.07979,11:15:00,19:15:00
376,1,377,motorcycle,28.992764,41.050915,11:16:00,19:16:00
377,1,378,motorcycle,28.99298,41.06232,11:17:00,19:17:00
378,1,379,motorcycle,28.94496,41.04569,11:18:00,19:18:00
379,1,380,motorcycle,28.98757,41.06011,11:19:00,19:19:00
380,1,381,motorcycle,29.0451995283365,41.0791241964327,11:20:00,19:20:00
381,1,382,motorcycle,28.98086,41.03568,11:21:00,19:21:00
382,1,383,motorcycle,28.97803,41.02651,11:22:00,19:22:00
383,1,384,motorcycle,28.98017,41.03492,11:23:00,19:23:00
384,1,385,motorcycle,28.9925873279572,41.0528231722159,11:24:00,19:24:00
385,1,386,motorcycle,28.9551949380245,41.0564289328714,11:25:00,19:25:00
386,1,387,motorcycle,28.9983130939178,41.0634842156465,11:26:00,19:26:00
387,1,388,motorcycle,29.0011563659977,41.0617124277603,11:27:00,19:27:00
388,1,389,motorcycle,28.96597,41.03261,11:28:00,19:28:00
389,1,390,motorcycle,28.98723,41.06477,11:29:00,19:29:00
390,1,391,motorcycle,28.9714,41.06452,11:30:00,19:30:00
391,1,392,motorcycle,28.95838,41.04611,11:31:00,19:31:00
392,1,393,motorcycle,28.97933,41.05297,11:32:00,19:32:00
393,1,394,motorcycle,28.989279207518,41.0620624324213,11:33:00,19:33:00
394,1,395,motorcycle,28.99303,41.06268,11:34:00,19:34:00
395,1,396,motorcycle,28.9870861172676,41.0513299223488,11:35:00,19:35:00
396,1,397,motorcycle,28.9770055638237,41.0630994524872,11:36:00,19:36:00
397,1,398,motorcycle,29.02729,41.0831,11:37:00,19:37:00
398,1,399,motorcycle,28.98386,41.03358,11:38:00,19:38:00
399,1,400,motorcycle,28.95679,41.0462,11:39:00,19:39:00
400,1,401,motorcycle,28.9671128777584,41.0316145664983,11:40:00,19:40:00
401,1,402,motorcycle,28.9983130939178,41.0634842156465,11:41:00,19:41:00
402,1,403,motorcycle,28.98674,41.05142,11:42:00,19:42:00
403,1,404,motorcycle,28.9819453549435,41.0544530835908,11:43:00,19:43:00
404,1,405,motorcycle,28.9819453549435,41.0544530835908,11:44:00,19:44:00
405,1,406,motorcycle,28.9946196921043,41.0615063394887,11:45:00,19:45:00
406,1,407,motorcycle,28.95235,41.04466,11:46:00,19:46:00
407,1,408,motorcycle,28.98019,41.03412,11:47:00,19:47:00
408,1,409,motorcycle,28.9801,41.0349,11:48:00,19:48:00
409,1,410,motorcycle,28.9919163363322,41.0518583566961,11:49:00,19:49:00
410,1,411,motorcycle,28.9819453549435,41.0544530835908,11:50:00,19:50:00
411,1,412,motorcycle,28.9658359918529,41.0643623684083,11:51:00,19:51:00
412,1,413,motorcycle,28.99492,41.06557,11:52:00,19:52:00
413,1,414,motorcycle,28.98628,41.04248,11:53:00,19:53:00
414,1,415,motorcycle,29.0011563659977,41.0617124277603,11:54:00,19:54:00
415,1,416,motorcycle,28.9672891072726,41.0339889624326,11:55:00,19:55:00
416,1,417,motorcycle,29.0011563659977,41.0617124277603,11:56:00,19:56:00
417,1,418,motorcycle,28.9838,41.05278,11:57:00,19:57:00
418,1,419,motorcycle,28.98017,41.03492,11:58:00,19:58:00
419,1,420,motorcycle,28.98735,41.05108,11:59:00,19:59:00
420,1,421,motorcycle,28.99375,41.05276,12:00:00,20:00:00
421,1,422,motorcycle,29.0044410477463,41.0428326880938,12:01:00,20:01:00
422,1,423,motorcycle,28.98314,41.03057,12:02:00,20:02:00
423,1,424,motorcycle,28.98723,41.06477,12:03:00,20:03:00
424,1,425,motorcycle,29.02682,41.08116,12:04:00,20:04:00
425,1,426,motorcycle,28.9626853548783,41.0528296504127,12:05:00,20:05:00
426,1,427,motorcycle,28.9723,41.0653,12:06:00,20:06:00
427,1,428,motorcycle,28.9870861172676,41.0513299223488,12:07:00,20:07:00
428,1,429,motorcycle,28.98723,41.06477,12:08:00,20:08:00
429,1,430,motorcycle,28.9626853548783,41.0528296504127,12:09:00,20:09:00
430,1,431,motorcycle,28.9946196921043,41.0615063394887,12:10:00,20:10:00
431,1,432,motorcycle,28.9838,41.05278,12:11:00,20:11:00
432,1,433,motorcycle,29.003,41.0664,12:12:00,20:12:00
433,1,434,motorcycle,28.9810914745911,41.0573430650896,12:13:00,20:13:00
434,1,435,motorcycle,29.0064919261942,41.0571650457795,12:14:00,20:14:00
435,1,436,motorcycle,29.0045098838149,41.0426119899329,12:15:00,20:15:00
436,1,437,motorcycle,28.9870861172676,41.0513299223488,12:16:00,20:16:00
437,1,438,motorcycle,28.99582,41.06292,12:17:00,20:17:00
438,1,439,motorcycle,29.0011563659977,41.0617124277603,12:18:00,20:18:00
439,1,440,motorcycle,28.9810914745911,41.0573430650896,12:19:00,20:19:00
440,1,441,motorcycle,28.96443,41.0647,12:20:00,20:20:00
441,1,442,motorcycle,29.01472,41.07661,12:21:00,20:21:00
442,1,443,motorcycle,28.9819453549435,41.0544530835908,12:22:00,20:22:00
443,1,444,motorcycle,28.992764,41.050915,12:23:00,20:23:00
444,1,445,motorcycle,28.9983130939178,41.0634842156465,12:24:00,20:24:00
445,1,446,motorcycle,28.9594881418281,41.0442055318848,12:25:00,20:25:00
446,1,447,motorcycle,28.98696,41.06101,12:26:00,20:26:00
447,1,448,motorcycle,28.9811913189341,41.0489007696336,12:27:00,20:27:00
448,1,449,motorcycle,29.0011563659977,41.0617124277603,12:28:00,20:28:00
449,1,450,motorcycle,28.9672891072726,41.0339889624326,12:29:00,20:29:00
450,1,451,motorcycle,29.00887,41.06032,12:30:00,20:30:00
451,1,452,motorcycle,28.9586753187498,41.0444338534372,12:31:00,20:31:00
452,1,453,motorcycle,28.97674,41.05592,12:32:00,20:32:00
453,1,454,motorcycle,28.98701684,41.03386615,12:33:00,20:33:00
454,1,455,motorcycle,28.99278,41.05123,12:34:00,20:34:00
455,1,456,motorcycle,28.9723,41.0653,12:35:00,20:35:00
456,1,457,motorcycle,28.9983130939178,41.0634842156465,12:36:00,20:36:00
457,1,458,motorcycle,29.01472,41.07661,12:37:00,20:37:00
458,1,459,motorcycle,28.989279207518,41.0620624324213,12:38:00,20:38:00
459,1,460,motorcycle,29.0492088337469,41.0864291682239,12:39:00,20:39:00
460,1,461,motorcycle,29.00634,41.04325,12:40:00,20:40:00
461,1,462,motorcycle,28.98753,41.0632,12:41:00,20:41:00
462,1,463,motorcycle,28.98386,41.03358,12:42:00,20:42:00
463,1,464,motorcycle,28.97835,41.04515,12:43:00,20:43:00
464,1,465,motorcycle,28.98567,41.03651,12:44:00,20:44:00
465,1,466,motorcycle,29.0029,41.0662,12:45:00,20:45:00
466,1,467,motorcycle,28.98735,41.05108,12:46:00,20:46:00
467,1,468,motorcycle,28.9723,41.0653,12:47:00,20:47:00
468,1,469,motorcycle,28.9663154353229,41.0641727428754,12:48:00,20:48:00
469,1,470,motorcycle,28.991,41.052,12:49:00,20:49:00
470,1,471,motorcycle,29.0044410477463,41.0428326880938,12:50:00,20:50:00
471,1,472,motorcycle,28.98163,41.05199,12:51:00,20:51:00
472,1,473,motorcycle,28.9587563011581,41.0490224453712,12:52:00,20:52:00
473,1,474,motorcycle,28.9658359918529,41.0643623684083,12:53:00,20:53:00
474,1,475,motorcycle,28.9789281785488,41.0543801006816,12:54:00,20:54:00
475,1,476,motorcycle,29.0064919261942,41.0571650457795,12:55:00,20:55:00
476,1,477,motorcycle,28.9714,41.06452,12:56:00,20:56:00
477,1,478,motorcycle,28.9949488631773,41.0579194372954,12:57:00,20:57:00
478,1,479,motorcycle,28.98567,41.03651,12:58:00,20:58:00
479,1,480,motorcycle,28.9587563011581,41.0490224453712,12:59:00,20:59:00
480,1,481,motorcycle,29.0011563659977,41.0617124277603,13:00:00,21:00:00
481,1,482,motorcycle,28.992764,41.050915,13:01:00,21:01:00
482,1,483,motorcycle,28.9626853548783,41.0528296504127,13:02:00,21:02:00
483,1,484,motorcycle,29.01722,41.06694,13:03:00,21:03:00
484,1,485,motorcycle,28.99607,41.06618,13:04:00,21:04:00
485,1,486,motorcycle,28.98881,41.03357,13:05:00,21:05:00
486,1,487,motorcycle,28.9551949380245,41.0564289328714,13:06:00,21:06:00
487,1,488,motorcycle,28.9663154353229,41.0641727428754,13:07:00,21:07:00
488,1,489,motorcycle,28.9658359918529,41.0643623684083,13:08:00,21:08:00
489,1,490,motorcycle,28.9658359918529,41.0643623684083,13:09:00,21:09:00
490,1,491,motorcycle,28.95842,41.04666,13:10:00,21:10:00
491,1,492,motorcycle,28.989279207518,41.0620624324213,13:11:00,21:11:00
492,1,493,motorcycle,29.0451995283365,41.0791241964327,13:12:00,21:12:00
493,1,494,motorcycle,29.0278723884821,41.0489264422611,13:13:00,21:13:00
494,1,495,motorcycle,28.9626853548783,41.0528296504127,13:14:00,21:14:00
495,1,496,motorcycle,28.9842238562363,41.0522092190874,13:15:00,21:15:00
496,1,497,motorcycle,28.9663154353229,41.0641727428754,13:16:00,21:16:00
497,1,498,motorcycle,28.9819453549435,41.0544530835908,13:17:00,21:17:00
498,1,499,motorcycle,28.9819453549435,41.0544530835908,13:18:00,21:18:00
499,1,500,motorcycle,28.9983701705933,41.062666749425,13:19:00,21:19:00
500,1,501,motorcycle,28.989279207518,41.0620624324213,13:20:00,21:20:00
501,1,502,motorcycle,28.9838,41.05278,13:21:00,21:21:00
502,1,503,motorcycle,28.9842238562363,41.0522092190874,13:22:00,21:22:00
503,1,504,motorcycle,28.9859,41.05216,13:23:00,21:23:00
504,1,505,motorcycle,29.0074789524078,41.0659388513334,13:24:00,21:24:00
505,1,506,motorcycle,28.98723,41.06477,13:25:00,21:25:00
506,1,507,motorcycle,28.9658359918529,41.0643623684083,13:26:00,21:26:00
507,1,508,motorcycle,28.987,41.0652,13:27:00,21:27:00
508,1,509,motorcycle,28.9916745081322,41.0524457998871,13:28:00,21:28:00
509,1,510,motorcycle,28.9796463445251,41.0470766702283,13:29:00,21:29:00
510,1,511,motorcycle,28.9946196921043,41.0615063394887,12:30:00,18:30:00
511,1,512,motorcycle,28.9667,41.03609,12:32:00,18:32:00
512,1,513,motorcycle,28.9658359918529,41.0643623684083,12:34:00,18:34:00
513,1,514,motorcycle,28.9723,41.0653,12:36:00,18:36:00
514,1,515,motorcycle,28.9714,41.06452,12:38:00,18:38:00
515,1,516,motorcycle,28.97184,41.06472,12:40:00,18:40:00
516,1,517,motorcycle,28.9842238562363,41.0522092190874,12:42:00,18:42:00
517,1,518,motorcycle,28.98088,41.0557,12:44:00,18:44:00
518,1,519,motorcycle,29.01954,41.07578,12:46:00,18:46:00
519,1,520,motorcycle,29.0010215342045,41.0492298085488,12:48:00,18:48:00
520,1,521,motorcycle,29.00634,41.04325,12:50:00,18:50:00
521,1,522,motorcycle,28.9590534687269,41.0440098008692,12:52:00,18:52:00
522,1,523,motorcycle,28.9811913189341,41.0489007696336,12:54:00,18:54:00
523,1,524,motorcycle,28.9842,41.06219,12:56:00,18:56:00
524,1,525,motorcycle,28.9590534687269,41.0440098008692,12:58:00,18:58:00
525,1,526,motorcycle,28.9551949380245,41.0564289328714,13:00:00,19:00:00
526,1,527,motorcycle,28.9773872494698,41.0642987761049,13:02:00,19:02:00
527,1,528,motorcycle,29.01478,41.07625,13:04:00,19:04:00
528,1,529,motorcycle,28.9842238562363,41.0522092190874,13:06:00,19:06:00
529,1,530,motorcycle,29.0074789524078,41.0659388513334,13:08:00,19:08:00
530,1,531,motorcycle,28.9983130939178,41.0634842156465,13:10:00,19:10:00
531,1,532,motorcycle,29.00725,41.04604,13:12:00,19:12:00
532,1,533,motorcycle,28.992764,41.050915,13:14:00,19:14:00
533,1,534,motorcycle,28.991,41.052,13:16:00,19:16:00
534,1,535,motorcycle,28.96443,41.0647,13:18:00,19:18:00
535,1,536,motorcycle,28.9591740552122,41.0437477203291,13:20:00,19:20:00
536,1,537,motorcycle,28.9626853548783,41.0528296504127,13:22:00,19:22:00
537,1,538,motorcycle,28.992764,41.050915,13:24:00,19:24:00
538,1,539,motorcycle,28.9672891072726,41.0339889624326,13:26:00,19:26:00
539,1,540,motorcycle,28.9551949380245,41.0564289328714,13:28:00,19:28:00
540,1,541,motorcycle,28.987,41.0652,13:30:00,19:30:00
541,1,542,motorcycle,29.01472,41.07661,13:32:00,19:32:00
542,1,543,motorcycle,29.007064939939,41.0505007436007,13:34:00,19:34:00
543,1,544,motorcycle,29.0064919261942,41.0571650457795,13:36:00,19:36:00
544,1,545,motorcycle,28.9658359918529,41.0643623684083,13:38:00,19:38:00
545,1,546,motorcycle,28.9983130939178,41.0634842156465,13:40:00,19:40:00
546,1,547,motorcycle,28.98017,41.03492,13:42:00,19:42:00
547,1,548,motorcycle,28.99375,41.05276,13:44:00,19:44:00
548,1,549,motorcycle,28.9591740552122,41.0437477203291,13:46:00,19:46:00
549,1,550,motorcycle,28.9672891072726,41.0339889624326,13:48:00,19:48:00
550,1,551,motorcycle,28.97803,41.02651,13:50:00,19:50:00
551,1,552,motorcycle,28.9658359918529,41.0643623684083,13:52:00,19:52:00
552,1,553,motorcycle,28.9714,41.06452,13:54:00,19:54:00
553,1,554,motorcycle,28.96443,41.0647,13:56:00,19:56:00
554,1,555,motorcycle,29.00271,41.0468,13:58:00,19:58:00
555,1,556,motorcycle,28.9983130939178,41.0634842156465,14:00:00,20:00:00
556,1,557,motorcycle,28.9587563011581,41.0490224453712,14:02:00,20:02:00
557,1,558,motorcycle,28.9838,41.05278,14:04:00,20:04:00
558,1,559,motorcycle,28.9551949380245,41.0564289328714,14:06:00,20:06:00
559,1,560,motorcycle,29.0492088337469,41.0864291682239,14:08:00,20:08:00
560,1,561,motorcycle,28.9796463445251,41.0470766702283,14:10:00,20:10:00
561,1,562,motorcycle,28.9663154353229,41.0641727428754,14:12:00,20:12:00
562,1,563,motorcycle,29.00634,41.04325,14:14:00,20:14:00
563,1,564,motorcycle,28.989279207518,41.0620624324213,14:16:00,20:16:00
564,1,565,motorcycle,29.01722,41.06694,14:18:00,20:18:00
565,1,566,motorcycle,28.9870861172676,41.0513299223488,14:20:00,20:20:00
566,1,567,motorcycle,28.9919163363322,41.0518583566961,14:22:00,20:22:00
567,1,568,motorcycle,28.98757,41.06011,14:24:00,20:24:00
568,1,569,motorcycle,28.9802,41.0348,14:26:00,20:26:00
569,1,570,motorcycle,28.9926278704795,41.0529168536077,14:28:00,20:28:00
570,1,571,motorcycle,28.9819453549435,41.0544530835908,14:30:00,20:30:00
571,1,572,motorcycle,28.98723,41.06477,14:32:00,20:32:00
572,1,573,motorcycle,28.98017,41.03492,14:34:00,20:34:00
573,1,574,motorcycle,28.98396472,41.03267555,14:36:00,20:36:00
574,1,575,motorcycle,29.0302,41.06892,14:38:00,20:38:00
575,1,576,motorcycle,28.9838,41.05278,14:40:00,20:40:00
576,1,577,motorcycle,28.9551949380245,41.0564289328714,14:42:00,20:42:00
577,1,578,motorcycle,28.9658359918529,41.0643623684083,14:44:00,20:44:00
578,1,579,motorcycle,28.9811913189341,41.0489007696336,14:46:00,20:46:00
579,1,580,motorcycle,29.02567,41.04854,14:48:00,20:48:00
580,1,581,motorcycle,28.9819453549435,41.0544530835908,14:50:00,20:50:00
581,1,582,motorcycle,29.00566,41.05713,14:52:00,20:52:00
582,1,583,motorcycle,28.9714,41.06452,14:54:00,20:54:00
583,1,584,motorcycle,28.9983130939178,41.0634842156465,14:56:00,20:56:00
584,1,585,motorcycle,28.9838,41.05278,14:58:00,20:58:00
